,Issuer Name,trend,daysSinceCutOver,trendnature,singleCandlePattern,RSI,Close,Signal
0,ABB,-1,3,Contracting,,28.34154351395729,894.95,-1
1,AMARAJABAT,1,71,Contracting,,56.064356435643525,709.2,-1
2,HDFC,1,44,Contracting,,44.12108337758897,1781.95,-1
3,ANSALAPI,,,,,,0.0,0
4,ASIANHOTNR,-1,5,Contracting,,35.86626139817628,54.15,-1
5,ATUL,1,20,Expanding,,82.97657512116317,5053.95,-1
6,AUTOLITIND,1,6,Expanding,,60.550458715596314,18.9,0
7,BAJAJHIND,-1,15,Contracting,,24.242424242424207,5.6,-1
8,BAJFINANCE,1,43,Contracting,,48.421004314697505,3251.3,-1
9,BALRAMCHIN,-1,1,Contracting,,49.47916666666667,125.5,-1
10,BANCOINDIA,-1,1,Contracting,,41.75824175824175,79.0,-1
11,CENTURYTEX,-1,6,Contracting,,42.00151630022749,307.95,-1
12,BASF,1,48,Contracting,,60.84367874334939,1332.85,-1
13,BATAINDIA,-1,32,Contracting,,40.37771934018641,1268.05,-1
14,BANARISUG,1,44,Expanding,,78.37694248904238,1276.0,0
15,BEL,1,45,Contracting,,35.55926544240401,95.85,-1
16,BEML,1,57,Contracting,,47.513043478260876,640.6,-1
17,BEPL,-1,3,Contracting,,34.050179211469526,42.9,-1
18,BLUESTARCO,-1,25,Expanding,,45.50430023455825,486.4,-1
19,BPL,,,,,,0.0,0
20,CENTEXT,-1,12,Contracting,,30.6122448979592,4.0,-1
21,CESC,-1,10,Contracting,,23.418756815703375,549.55,-1
22,CHAMBLFERT,1,75,Contracting,,53.30634278002701,158.25,-1
23,EXIDEIND,1,1,Contracting,,48.63813229571981,155.65,-1
24,CIPLA,1,81,Expanding,,61.89443239334782,720.15,0
25,DICIND,1,47,Contracting,,53.38716913414088,342.05,-1
26,CRISIL,1,42,Contracting,,42.132587859424945,1673.8,-1
27,DABUR,1,26,Expanding,,52.47761194029849,513.55,0
28,DALMIASUG,1,49,Expanding,,70.08547008547009,123.85,0
29,ARVIND,-1,12,Contracting,,31.46551724137933,28.7,-1
30,BALLARPUR,,,,,,0.0,0
31,BHEL,-1,1,Contracting,,31.89368770764119,35.95,-1
32,HINDPETRO,1,10,Contracting,,60.559626915389735,215.0,-1
33,IFCI,-1,12,Contracting,,23.404255319148916,6.2,-1
34,MTNL,-1,5,Contracting,,15.662650602409641,9.25,-1
35,MRPL,1,9,Expanding,,43.778801843317964,36.4,1
36,CHENNPETRO,1,41,Contracting,,51.68539325842695,79.7,-1
37,RELCAPITAL,,,,,,0.0,0
38,SAIL,1,49,Contracting,,45.93495934959347,34.0,-1
39,TITAN,1,45,Expanding,,65.46303119626626,1043.25,0
40,IDBI,-1,8,Contracting,,24.13793103448276,38.7,-1
41,DCW,-1,14,Contracting,,28.76712328767124,10.85,-1
42,DHAMPURSUG,-1,2,Contracting,,44.0460947503201,126.4,-1
43,DRREDDY,1,12,Expanding,,72.12397128348806,4521.05,0
44,EIDPARRY,1,68,Contracting,,59.823284823284816,290.5,-1
45,ELECTCAST,-1,2,Contracting,,24.56140350877193,14.25,-1
46,SBIN,1,41,Contracting,,44.063545150501675,191.45,-1
47,ESABINDIA,1,1,Expanding,,22.34894443096337,1392.05,1
48,UFLEX,1,74,Contracting,,61.91966614501826,265.5,-1
49,FOSECOIND,-1,2,Contracting,,43.62773029439701,1043.75,-1
50,GARDENSILK,,,,,,0.0,0
51,GTL,,,,,,0.0,0
52,GODREJIND,-1,14,Contracting,,23.183828174352513,354.5,-1
53,KANSAINER,-1,2,Contracting,,42.97917778964229,433.55,-1
54,GHCL,-1,3,Contracting,,22.60397830018084,138.3,-1
55,HCL-INSYS,,,,,,0.0,0
56,HDFCBANK,-1,1,Contracting,,42.761007498558044,1032.8,-1
57,HEROMOTOCO,1,71,Contracting,,53.318903318903324,2676.5,-1
58,HFCL,-1,12,Contracting,,27.619047619047606,12.5,-1
59,HSCL,-1,6,Contracting,,22.25806451612908,42.8,-1
60,HCC,-1,3,Contracting,,48.148148148148145,5.55,-1
61,HINDOILEXP,1,7,Contracting,,40.99526066350709,64.65,-1
62,HSIL,1,32,Contracting,,50.227272727272734,55.05,-1
63,HINDZINC,1,39,Expanding,,65.49497847919655,210.05,0
64,INDIAGLYCO,-1,6,Contracting,,40.73732718894012,269.3,-1
65,INDORAMA,-1,10,Contracting,Hammer SL:14.2,22.98850574712641,14.65,-1
66,INFY,1,70,Expanding,,82.97621056183569,966.0,-1
67,INGERRAND,-1,21,Contracting,,39.81337480559875,605.9,-1
68,ATFL,1,48,Expanding,,65.51451187335091,593.9,0
69,JISLJALEQS,,,,,,0.0,0
70,JINDALPOLY,-1,4,Contracting,,37.734204793028326,373.9,-1
71,JSWSTEEL,1,59,Expanding,,65.04139834406625,220.25,0
72,KAJARIACER,1,44,Expanding,,82.97142857142849,405.4,-1
73,KAKATCEM,-1,15,Contracting,,36.074270557029244,138.4,-1
74,KSL,1,48,Contracting,,36.152055857253686,215.3,-1
75,WHIRLPOOL,-1,1,Contracting,,48.40230487166062,2073.0,-1
76,KIRLOSBROS,1,7,Expanding,,60.84262701363074,131.05,0
77,KIRLOSIND,-1,4,Contracting,,33.141662310507115,616.8,-1
78,KOTAKBANK,1,9,Expanding,,53.89074047239528,1365.75,0
79,LGBBROSLTD,-1,1,Contracting,,32.20815752461323,225.95,-1
80,TRENT,-1,6,Contracting,,23.129696177719694,558.1,-1
81,LAXMIMACH,1,47,Expanding,,55.23044397463002,2992.65,0
82,LICHSGFIN,-1,13,Contracting,,29.95594713656388,262.5,-1
83,LUPIN,1,1,Expanding,,51.840981856990425,926.55,0
84,LYKALABS,,,,,,0.0,0
85,RAMCOCEM,1,55,Expanding,,65.95253790375745,691.95,0
86,MAHSEAMLES,-1,4,Contracting,,19.558011049723703,196.15,-1
87,MAHSCOOTER,1,43,Contracting,,42.70046030573391,3004.3,-1
88,MANALIPETC,1,45,Contracting,,30.898876404494374,19.75,-1
89,MIRCELECTR,,,,,,0.0,0
90,CENTENKA,-1,1,Contracting,,30.798969072164894,163.2,-1
91,MOREPENLAB,-1,14,Expanding,,29.19708029197075,22.95,-1
92,MRF,-1,7,Contracting,,29.27811439846458,61048.55,-1
93,HEIDELBERG,1,3,Expanding,,47.80821917808224,185.15,0
94,NCC,-1,4,Contracting,,27.544910179640695,29.0,-1
95,NAHARSPING,-1,15,Contracting,,38.54748603351951,32.15,-1
96,GRASIM,1,1,Expanding,,40.41916167664674,633.05,1
97,PEL,1,50,Contracting,,48.07774914089348,1473.4,-1
98,NIITLTD,1,74,Expanding,,43.60902255639098,96.75,0
99,ONGC,-1,24,Contracting,,40.58823529411769,78.3,-1
100,OILCOUNTUB,,,,,,0.0,0
101,ORIENTHOT,,,,,,0.0,0
102,ORIENTBANK,,,,,,0.0,0
103,RELIANCE,1,78,Contracting,,84.07233524604416,2067.1,-1
104,BIRLACORPN,1,4,Expanding,,54.44319460067493,599.25,0
105,PIDILITIND,-1,32,Contracting,,37.971334068357216,1357.0,-1
106,PRIMESECU,1,50,Contracting,,44.14414414414416,48.95,-1
107,RAYMOND,-1,18,Contracting,,27.955133735979345,239.1,-1
108,SURYAROSNI,1,43,Contracting,,40.320000000000014,113.55,-1
109,RSWM,-1,14,Contracting,,29.551451187335104,69.85,-1
110,RAMANEWS,1,32,Expanding,,52.554744525547456,16.6,0
111,RALLIS,1,77,Contracting,,72.62156448202957,290.7,-1
112,JINDALSAW,-1,9,Contracting,,21.453287197231845,54.7,-1
113,JKLAKSHMI,1,49,Contracting,,50.63538611925706,294.35,-1
114,SHREECEM,-1,7,Contracting,,40.64255994509501,21711.15,-1
115,RELINFRA,-1,4,Contracting,,33.491686460807614,27.85,-1
116,TATAPOWER,1,50,Contracting,,33.09859154929573,48.7,-1
117,SPMLINFRA,-1,14,Contracting,Bear Marubozo|SL:7.7,13.157894736842167,7.45,-1
118,SUNDRMFAST,1,44,Contracting,,67.01502286087525,415.95,-1
119,SUNFLAG,1,59,Contracting,,49.868766404199484,38.15,-1
120,SUPPETRO,1,74,Contracting,,46.69260700389107,182.35,-1
121,SWARAJENG,-1,2,Contracting,,45.756695708293,1349.6,-1
122,TATAELXSI,1,70,Expanding,,55.784469096671955,940.0,0
123,ACC,1,73,Expanding,,68.32766523732067,1425.45,0
124,THERMAX,-1,7,Contracting,,41.930501930501926,744.9,-1
125,TIRUMALCHM,-1,1,Contracting,,19.811320754716974,52.9,-1
126,THOMASCOOK,-1,2,Contracting,,40.625000000000014,29.4,-1
127,TOKYOPLAST,-1,14,Contracting,,30.68783068783074,58.2,-1
128,TORNTPHARM,1,1,Expanding,,50.44181518646089,2663.6,0
129,AMBUJACEM,1,71,Expanding,,69.14285714285714,220.1,0
130,VHL,1,41,Expanding,,72.14000469814424,1262.45,0
131,HINDALCO,1,65,Contracting,,57.84615384615382,163.1,-1
132,WSTCSTPAPR,-1,4,Contracting,,35.57504873294346,171.2,-1
133,MUKANDLTD,,,,,,0.0,0
134,UCALFUEL,1,9,Expanding,,62.48331108144193,127.5,0
135,HARRMALAYA,1,45,Expanding,,49.33155080213902,88.35,0
136,FEDERALBNK,1,44,Contracting,,48.57954545454545,53.9,-1
137,TATASTEEL,1,48,Expanding,,60.23880597014928,366.3,0
138,SKFINDIA,-1,9,Contracting,Bear Marubozo|SL:1510.0,13.401602849510311,1470.0,-1
139,ASHOKLEY,-1,2,Contracting,,39.99999999999998,48.65,-1
140,CUMMINSIND,1,4,Expanding,,40.4977375565611,401.65,0
141,TATACOMM,1,76,Expanding,,61.359511631743935,759.75,0
142,ABBOTINDIA,-1,51,Expanding,,36.90119903162465,15536.35,-1
143,BAJAJHLDNG,1,46,Contracting,,37.33266733266735,2656.1,-1
144,BHARATFORG,1,51,Contracting,,67.89755807027993,381.95,-1
145,ESCORTS,1,74,Contracting,,57.165335269910436,1134.0,-1
146,PGHH,1,25,Contracting,,37.27129426335639,10351.85,-1
147,LT,-1,13,Contracting,,34.28138035646565,913.45,-1
148,M&M,1,64,Contracting,,72.83005105762217,606.45,-1
149,BOSCHLTD,1,44,Contracting,,42.38932686476651,13078.65,-1
150,BPCL,1,45,Contracting,,62.11102813044562,413.8,-1
151,SIEMENS,1,28,Contracting,,43.11768754301446,1162.05,-1
152,TATAMOTORS,1,64,Contracting,,48.40255591054316,104.65,-1
153,VOLTAS,1,45,Expanding,,62.3270117888262,598.4,0
154,GESHIP,1,2,Expanding,,62.557077625570756,226.35,0
155,DEEPAKFERT,1,76,Expanding,,85.3813559322034,159.6,-1
156,EXCELINDUS,1,45,Contracting,,60.2920723226704,741.8,-1
157,GLAXO,-1,2,Contracting,,42.68464479774598,1437.3,-1
158,GNFC,1,43,Contracting,,42.45049504950496,164.25,-1
159,SANOFI,-1,21,Expanding,,46.159754224270294,7767.75,-1
160,GSKCONS,,,,,,0.0,0
161,PFIZER,1,17,Expanding,,61.71231851519234,4277.75,0
162,GSFC,1,44,Contracting,,54.64788732394366,59.5,-1
163,HINDUNILVR,1,42,Contracting,,52.45225182739916,2209.9,-1
164,AKZOINDIA,1,3,Expanding,,47.649034424853056,1898.95,0
165,NOCIL,1,21,Contracting,,56.936416184971115,105.1,-1
166,SPIC,1,44,Contracting,,39.160839160839146,21.0,-1
167,TATACHEM,1,2,Expanding,,38.161993769470385,305.7,0
168,TNPETRO,-1,2,Contracting,,29.354838709677438,34.2,-1
169,ZUARIGLOB,-1,12,Contracting,,20.333333333333343,47.9,-1
170,NESTLEIND,-1,2,Contracting,,55.85989641732081,16522.2,-1
171,ASIANPAINT,1,29,Contracting,,60.87141640647175,1715.5,-1
172,BRITANNIA,1,76,Contracting,,55.79593710547458,3823.6,-1
173,COLPAL,1,30,Expanding,,47.14587737843555,1423.3,0
174,EIHOTEL,-1,26,Expanding,,46.36871508379885,64.85,-1
175,INDHOTEL,-1,15,Contracting,,29.203539823008768,76.35,-1
176,CASTROLIND,-1,13,Contracting,,17.066666666666634,113.45,-1
177,ITC,-1,1,Contracting,,43.6661698956781,194.15,-1
178,APOLLOTYRE,-1,6,Contracting,,33.25688073394494,108.25,-1
179,CEATLTD,-1,14,Expanding,,32.8679696848823,868.95,-1
180,TCIFINANCE,,,,,,0.0,0
181,TATAINVEST,-1,11,Contracting,,15.309126594700615,732.25,-1
182,BBTC,,,,,,0.0,0
183,GREAVESCOT,-1,5,Contracting,,32.9177057356608,81.3,-1
184,SAGCEM,1,43,Expanding,,73.186119873817,485.45,0
185,DECCANCE,-1,11,Contracting,,31.513353115727014,254.25,-1
186,MANGLMCEM,-1,1,Contracting,,48.04772234273321,192.0,-1
187,NCLIND,1,40,Contracting,,51.3157894736842,79.05,-1
188,BALKRISIND,1,68,Expanding,,52.55423372988109,1322.05,0
189,ORIENTPPR,-1,14,Contracting,,13.559322033898368,18.0,-1
190,SESHAPAPER,-1,14,Contracting,,40.86687306501547,148.35,-1
191,SINTEX,,,,,,0.0,0
192,DCM,-1,12,Expanding,,46.896551724137936,18.9,-1
193,KESORAMIND,1,47,Contracting,,42.10526315789476,35.15,-1
194,VTL,-1,17,Expanding,,34.84304932735428,665.25,-1
195,PENINLAND,1,6,Expanding,,56.818181818181834,4.5,0
196,PHOENIXLTD,1,19,Expanding,,58.83644346871576,617.0,0
197,RUBYMILLS,-1,14,Contracting,,35.91433278418448,146.3,-1
198,SWANENERGY,-1,3,Contracting,,29.82171799027553,132.85,-1
199,BANSWRAS,-1,22,Expanding,,11.475409836065637,61.15,-1
200,SRF,1,45,Contracting,,19.994084590357886,3793.15,-1
201,SIYSIL,-1,5,Contracting,,37.621832358674425,129.45,-1
202,BBL,-1,4,Contracting,,32.023755139333005,746.3,-1
203,HIRECT,-1,18,Contracting,,32.71604938271602,112.05,-1
204,NIPPOBATRY,-1,8,Contracting,Hammer SL:490.1,18.722604884157732,497.6,-1
205,ZENSARTECH,1,48,Expanding,,81.82741116751268,159.95,-1
206,SARDAEN,-1,2,Contracting,,37.72290809327848,164.15,-1
207,INDIANHUME,1,45,Contracting,Hanging Man SL:169.9,44.48938321536907,165.35,-1
208,ORIENTABRA,-1,4,Contracting,,22.52252252252252,17.2,-1
209,TINPLATE,1,45,Contracting,,53.093434343434346,130.4,-1
210,AUTOAXLES,-1,12,Contracting,,33.94278973754052,517.9,-1
211,TALBROAUTO,-1,8,Contracting,,27.272727272727252,93.45,-1
212,SMLISUZU,-1,6,Contracting,,39.401394013940134,392.95,-1
213,TIL,-1,6,Contracting,,23.488773747841066,132.35,-1
214,DYNAMATECH,-1,15,Contracting,,29.292139225655077,530.8,-1
215,EICHERMOT,1,49,Expanding,,63.90069505852369,20638.7,0
216,NESCO,1,7,Expanding,,55.64409030544494,437.5,0
217,MANUGRAPH,,,,,,0.0,0
218,REVATHI,-1,1,Contracting,,50.280183392766176,386.25,-1
219,TEXINFRA,-1,12,Contracting,,17.129629629629633,35.4,-1
220,WENDT,-1,11,Contracting,,11.97873227689739,2442.7,-1
221,RESPONIND,1,21,Contracting,,56.74044265593564,95.75,-1
222,ZEEL,-1,18,Contracting,,18.592436974789905,138.75,-1
223,BHARATGEAR,-1,10,Contracting,,33.33333333333333,39.5,-1
224,ELECON,-1,6,Contracting,,19.718309859154957,24.65,-1
225,GABRIEL,-1,7,Contracting,,34.32835820895524,85.25,-1
226,HERCULES,1,45,Contracting,,53.36927223719677,78.6,-1
227,IFBIND,-1,15,Contracting,,29.803493449781683,371.15,-1
228,FMGOETZE,-1,25,Expanding,,33.64434687156974,361.8,-1
229,RANEHOLDIN,-1,1,Contracting,Bear Marubozo|SL:440.0,42.58804258804257,417.05,-1
230,TRF,1,11,Contracting,,45.25252525252526,77.15,-1
231,PRAKASH,-1,13,Contracting,,24.226804123711304,32.85,-1
232,GRINDWELL,-1,11,Contracting,,47.400302877334695,480.7,-1
233,GENESYS,-1,15,Contracting,,29.59183673469387,28.75,-1
234,VIVIDHA,,,,,,0.0,0
235,BLISSGVS,1,17,Contracting,,69.02356902356895,107.3,-1
236,ALEMBICLTD,1,77,Contracting,,49.73166368515207,79.2,-1
237,BAYERCROP,-1,2,Contracting,,36.1218657817109,5553.3,-1
238,COROMANDEL,1,69,Contracting,,56.5387117761874,780.1,-1
239,KANORICHEM,-1,4,Contracting,,22.388059701492537,33.25,-1
240,PHILIPCARB,-1,1,Contracting,,24.710424710424675,96.2,-1
241,PUNJABCHEM,-1,11,Contracting,,35.75794621026894,446.55,-1
242,SUDARSCHEM,-1,7,Expanding,,20.9602954755309,409.35,-1
243,UNICHEMLAB,1,38,Expanding,,67.57912745936694,235.1,0
244,ALKYLAMINE,1,76,Contracting,,46.73760289098574,2249.2,-1
245,ASTRAZEN,-1,4,Contracting,,34.40697869484987,3336.95,-1
246,JBCHEPHARM,1,74,Expanding,,64.94960806270998,734.2,0
247,TI,-1,1,Contracting,,45.19230769230769,17.35,-1
248,WALCHANNAG,-1,1,Contracting,,28.7917737789203,51.1,-1
249,GMBREW,-1,24,Contracting,,18.284106891701825,374.85,-1
250,IVP,1,6,Expanding,,63.834422657952075,45.45,0
251,WIPRO,1,50,Expanding,,85.15671200473095,280.95,-1
252,DHANUKA,1,78,Contracting,,62.88946910356834,792.0,-1
253,JAGSNPHARM,-1,3,Contracting,,11.036789297658856,34.4,-1
254,GILLETTE,1,25,Contracting,,43.49750968456007,5017.55,-1
255,VIPIND,1,43,Contracting,,58.53932584269662,270.6,-1
256,COSMOFILMS,1,73,Contracting,,70.27546444586804,415.25,-1
257,APOLLOHOSP,1,21,Expanding,,80.95448519664163,1674.6,-1
258,EVERESTIND,-1,4,Contracting,,49.547218628719264,207.9,-1
259,NAVNETEDUL,-1,8,Contracting,,33.027522935779785,73.65,-1
260,VISAKAIND,1,73,Contracting,,62.67392619479732,273.05,-1
261,PRESSMN,-1,9,Contracting,,20.79207920792082,17.4,-1
262,GUFICBIO,1,42,Expanding,,63.12796208530804,98.0,0
263,PTL,1,46,Contracting,,54.06698564593302,37.5,-1
264,TVSSRICHAK,1,2,Expanding,,54.77344925597722,1427.6,0
265,BERGEPAINT,1,44,Expanding,,67.89716545814105,526.5,0
266,GRAPHITE,-1,34,Contracting,,33.86155129274394,164.95,-1
267,ITDCEM,-1,7,Contracting,,33.21033210332105,45.25,-1
268,HEG,-1,24,Contracting,,40.50732629588782,733.25,-1
269,HINDCOMPOS,-1,1,Contracting,,51.59183673469388,161.4,-1
270,HIL,1,67,Contracting,,57.49999999999999,1239.55,-1
271,PAPERPROD,1,32,Expanding,,80.51948051948052,242.25,-1
272,SHALPAINTS,-1,17,Contracting,,39.215686274509814,57.35,-1
273,SUPREMEIND,1,46,Expanding,,67.10737179487182,1289.3,0
274,VSTIND,1,1,Contracting,,48.235191333216825,3247.65,-1
275,JINDRILL,,,,,,0.0,0
276,DHFL,-1,14,Contracting,,34.027777777777786,13.6,-1
277,CANFINHOME,1,43,Contracting,,52.45424292845257,365.4,-1
278,IVC,,,,,,0.0,0
279,CHOLAFIN,1,43,Contracting,,52.09860093271152,202.5,-1
280,VLSFINANCE,1,44,Contracting,,46.19289340101523,50.9,-1
281,VAKRANGEE,-1,16,Expanding,,34.46969696969697,28.25,-1
282,INDBANK,-1,12,Contracting,,25.925925925925924,6.6,-1
283,GICHSGFIN,-1,1,Contracting,,31.451612903225808,88.3,-1
284,UPL,1,50,Expanding,,55.710102489019036,478.15,0
285,SUNTECK,1,2,Expanding,,48.418631397354815,187.05,0
286,JAICORPLTD,-1,1,Contracting,,41.97730956239872,87.0,-1
287,DONEAR,-1,14,Expanding,,51.5625,26.6,-1
288,ADANIENT,1,9,Expanding,,56.120527306968015,175.25,0
289,ORBTEXP,1,4,Expanding,,48.05389221556886,61.75,0
290,NBVENTURES,-1,5,Contracting,,19.444444444444457,46.2,-1
291,GANDHITUBE,-1,1,Contracting,,45.742904841402364,188.6,-1
292,SSWL,-1,1,Contracting,,22.899884925201334,412.0,-1
293,MANINDS,-1,3,Contracting,,45.42936288088641,45.55,-1
294,AJMERA,-1,22,Contracting,,27.763496143958832,74.6,-1
295,CARBORUNIV,-1,14,Expanding,,38.09523809523808,248.1,-1
296,MMTC,1,48,Contracting,,25.547445255474443,18.2,-1
297,TATAMETALI,-1,2,Contracting,,38.70343492985005,491.75,-1
298,SRIPIPES,-1,4,Contracting,,30.173010380622827,182.55,-1
299,HINDCOPPER,1,55,Contracting,,38.613861386138616,35.45,-1
300,AROGRANITE,-1,14,Contracting,,39.00709219858154,23.6,-1
301,HIMATSEIDE,1,7,Expanding,,51.658767772511844,61.5,0
302,BSL,-1,14,Contracting,,48.71794871794872,23.1,-1
303,TTL,1,7,Expanding,,46.66666666666668,30.25,0
304,WELSPUNIND,1,5,Expanding,,58.503401360544224,39.2,0
305,SANGAMIND,-1,1,Contracting,,51.036269430051824,49.9,-1
306,AARVEEDEN,,,,,,0.0,0
307,ASHIMASYN,,,,,,0.0,0
308,PIONEEREMB,-1,1,Contracting,,49.20634920634923,23.0,-1
309,PATSPINLTD,,,,,,0.0,0
310,ANANTRAJ,-1,8,Contracting,,18.8679245283019,21.4,-1
311,MADHAV,-1,10,Contracting,,32.835820895522374,20.9,-1
312,SHREYANIND,-1,21,Expanding,,14.910025706940942,71.1,-1
313,STARPAPER,-1,12,Contracting,,25.738396624472585,96.1,-1
314,VINDHYATEL,-1,8,Contracting,,25.25743707093821,649.05,-1
315,ADORWELD,-1,12,Contracting,,28.88283378746587,245.95,-1
316,USHAMART,-1,10,Expanding,,29.06976744186045,18.4,-1
317,SUBROS,1,4,Expanding,,63.38709677419357,180.0,0
318,HONAUT,-1,13,Contracting,,27.547352646226997,26997.65,-1
319,LUMAXIND,1,40,Contracting,,41.00234466588506,1240.85,-1
320,HBLPOWER,-1,5,Contracting,,27.027027027027003,14.65,-1
321,GIPCL,1,44,Contracting,,44.652406417112346,69.3,-1
322,MOTHERSUMI,-1,12,Contracting,,46.07594936708864,94.9,-1
323,HAVELLS,1,44,Contracting,,50.6684950291395,583.15,-1
324,IGARASHI,-1,6,Contracting,,40.70932922127986,258.05,-1
325,SYMPHONY,-1,14,Contracting,,29.598939343718925,845.55,-1
326,RSSOFTWARE,1,2,Contracting,,45.21739130434784,16.65,-1
327,WEBELSOLAR,,,,,,0.0,0
328,TTKPRESTIG,1,45,Contracting,,48.787644787644794,5783.35,-1
329,SURANAT&P,-1,12,Contracting,,3.5714285714285836,3.7,-1
330,ONWARDTEC,1,43,Expanding,,61.59052453468696,61.8,0
331,CENTUM,1,43,Contracting,,52.819148936170215,316.6,-1
332,KEI,-1,1,Contracting,,42.70787984327382,348.15,-1
333,GSCLCEMENT,-1,2,Contracting,,39.81481481481481,29.3,-1
334,AVTNPL,1,10,Contracting,,84.43708609271519,37.75,-1
335,NAHARINDUS,-1,5,Contracting,,36.96969696969699,24.3,-1
336,VADILALIND,1,9,Expanding,,75.04625958234202,602.95,0
337,ADFFOODS,1,10,Expanding,,68.25581395348838,336.25,0
338,SANWARIA,,,,,,0.0,0
339,HERITGFOOD,1,9,Expanding,,61.801242236024834,311.25,0
340,CCL,-1,2,Contracting,,35.758323057953135,234.35,-1
341,RICOAUTO,-1,15,Contracting,,26.213592233009678,26.9,-1
342,MUNJALSHOW,1,58,Contracting,,47.029702970297066,103.75,-1
343,JAMNAAUTO,-1,12,Contracting,,27.02702702702706,28.5,-1
344,SUNCLAYLTD,-1,12,Contracting,,36.272321428571395,1557.3,-1
345,MUNJALAU,-1,5,Contracting,,48.39449541284405,48.35,-1
346,JAYBARMARU,-1,12,Contracting,,31.64673413063474,170.55,-1
347,SICAL,-1,15,Contracting,,42.3529411764706,9.2,-1
348,RATNAMANI,1,43,Contracting,,45.26808204390075,1045.05,-1
349,VESUVIUS,-1,6,Contracting,,40.83700440528628,866.95,-1
350,ASAL,,,,,,0.0,0
351,MARALOVER,-1,13,Contracting,,32.46753246753251,11.4,-1
352,TRIDENT,1,3,Expanding,,40.740740740740726,6.7,1
353,NAGREEKEXP,-1,8,Contracting,,35.0,11.35,-1
354,ZODIACLOTH,-1,11,Contracting,,30.988023952095787,114.7,-1
355,SUPERSPIN,,,,,,0.0,0
356,SURYALAXMI,,,,,,0.0,0
357,KITEX,-1,1,Contracting,,46.72131147540988,103.7,-1
358,WINDMACHIN,-1,19,Contracting,,30.00000000000003,12.1,-1
359,SHANTIGEAR,-1,14,Expanding,,59.44540727902944,84.45,-1
360,HONDAPOWER,1,43,Contracting,,62.29668184775542,1017.4,-1
361,HITECHGEAR,-1,12,Contracting,,37.109375000000014,101.8,-1
362,ELGIEQUIP,1,51,Contracting,,59.16230366492143,159.8,-1
363,TIMKEN,-1,1,Contracting,,50.28005974607917,969.95,-1
364,PRAJIND,-1,5,Contracting,,33.57664233576641,59.85,-1
365,GUJAPOLLO,-1,6,Contracting,,21.806853582554524,163.4,-1
366,MMFL,1,40,Contracting,,55.979202772963596,185.1,-1
367,MAYURUNIQ,1,45,Contracting,,48.790601243953006,218.5,-1
368,JMCPROJECT,-1,9,Contracting,,18.11023622047243,44.85,-1
369,KALPATPOWR,-1,1,Contracting,,32.631578947368396,229.1,-1
370,WEIZMANIND,1,45,Expanding,,70.62499999999997,32.7,0
371,EIHAHOTELS,1,3,Expanding,,27.740863787375403,254.4,0
372,KOKUYOCMLN,-1,16,Expanding,,33.33333333333333,52.45,-1
373,ADVANIHOTR,-1,14,Contracting,,21.585903083700458,40.4,-1
374,SUPERHOUSE,1,44,Contracting,,51.348039215686285,84.0,-1
375,BALMLAWRIE,1,8,Contracting,,45.28023598820061,110.3,-1
376,DCMSHRIRAM,1,48,Contracting,,67.39674593241554,339.25,-1
377,MAWANASUG,,,,,,0.0,0
378,NILKAMAL,1,42,Expanding,,73.76283846872082,1229.6,0
379,NAHARPOLY,1,73,Contracting,,46.290801186943646,61.35,-1
380,3MINDIA,1,33,Contracting,,80.6712653792366,21078.0,-1
381,JMFINANCIL,1,43,Contracting,,49.479940564635974,74.7,-1
382,RIIL,1,47,Contracting,,52.154626108998734,407.05,-1
383,LINDEINDIA,1,43,Contracting,,43.63704819277107,632.8,-1
384,PRECWIRE,-1,1,Contracting,,38.963963963963955,98.95,-1
385,SCI,-1,1,Contracting,,46.26168224299064,54.0,-1
386,ITI,1,78,Contracting,,52.213188798554675,128.95,-1
387,DREDGECORP,1,73,Contracting,,45.64851207186974,259.9,-1
388,NFL,1,78,Contracting,,59.40054495912808,35.55,-1
389,PIIND,1,20,Contracting,,58.4693546643606,1760.55,-1
390,PLASTIBLEN,-1,11,Contracting,,34.5351043643264,160.0,-1
391,APCOTEXIND,-1,6,Contracting,,29.304635761589438,113.2,-1
392,MASTEK,1,46,Expanding,,80.8773424190801,572.35,-1
393,ASHIANA,-1,2,Contracting,,18.694362017804124,59.3,-1
394,SREINFRA,-1,12,Contracting,,29.85074626865672,6.4,-1
395,MENONBE,-1,2,Contracting,,19.63190184049087,38.35,-1
396,SIMPLEXINF,-1,1,Contracting,,47.35516372795969,30.95,-1
397,MAGMA,1,38,Contracting,,56.378600823045275,25.75,-1
398,POLYPLEX,1,47,Contracting,,60.647078243644785,587.05,-1
399,KABRAEXTRU,-1,13,Expanding,,31.847133757961743,52.8,-1
400,VINYLINDIA,-1,14,Contracting,,20.192307692307665,81.0,-1
401,VINATIORGA,-1,13,Contracting,,26.96420269642026,977.95,-1
402,AARTIIND,1,4,Expanding,,59.787657597876624,990.4,0
403,GAEL,1,43,Expanding,,74.49194113524881,166.8,0
404,RCF,1,76,Contracting,,39.150943396226424,46.7,-1
405,FACT,1,79,Contracting,,44.10876132930512,47.1,-1
406,KOPRAN,1,49,Expanding,,72.91139240506331,47.9,0
407,AARTIDRUGS,1,79,Expanding,,83.57976014457041,1740.25,-1
408,BODALCHEM,1,42,Contracting,,57.73420479302835,73.6,-1
409,VIMTALABS,1,42,Expanding,,56.98729582577132,104.25,0
410,MARKSANS,1,80,Expanding,,60.91549295774648,39.65,0
411,IPCALAB,1,36,Expanding,,57.86650774731824,1874.6,0
412,NEULANDLAB,1,34,Expanding,,72.02590454737434,781.05,0
413,SOTL,-1,14,Contracting,,20.168439716312008,638.0,-1
414,SUNPHARMA,1,3,Expanding,,57.601426660722254,531.7,0
415,HIKAL,1,76,Expanding,,81.28544423440451,155.6,-1
416,AUROPHARMA,1,78,Expanding,,49.504950495049506,874.6,0
417,NATCOPHARM,1,40,Expanding,,70.25505134150383,782.65,0
418,PANAMAPET,-1,2,Contracting,,37.39130434782607,41.05,-1
419,BALPHARMA,-1,17,Expanding,,43.043478260869584,42.9,-1
420,FILATEX,-1,30,Expanding,,46.66666666666668,26.45,-1
421,MERCATOR,,,,,,0.0,0
422,MPHASIS,1,63,Expanding,,78.7647389107243,1157.95,0
423,GANESHHOUC,,,,,,0.0,0
424,NMDC,1,11,Expanding,,49.89384288747343,83.8,0
425,PATINTLOG,-1,7,Contracting,,30.656934306569354,19.15,-1
426,ALPHAGEO,-1,19,Contracting,,28.047571853320093,166.15,-1
427,LIBERTSHOE,1,2,Contracting,,53.393665158371036,133.65,-1
428,ELECTHERM,-1,20,Expanding,,17.43119266055048,97.9,-1
429,BLUEDART,1,9,Contracting,,62.5836680053547,2066.35,-1
430,MIRZAINT,1,44,Contracting,,51.54639175257732,47.35,-1
431,TFCILTD,-1,13,Contracting,,35.80246913580244,35.05,-1
432,BIL,-1,1,Contracting,,31.964809384164212,120.4,-1
433,KAMATHOTEL,1,3,Contracting,,7.407407407407391,31.0,-1
434,SANDESH,-1,14,Contracting,,45.95131644311973,474.7,-1
435,GOLDIAM,1,46,Expanding,,47.89081885856077,112.0,0
436,GREENPLY,-1,11,Contracting,,20.955882352941217,85.85,-1
437,SEAMECLTD,1,45,Contracting,,51.05184072126223,402.95,-1
438,SARLAPOLY,-1,6,Contracting,,39.08629441624365,15.85,-1
439,LAOPALA,-1,2,Contracting,,33.91442155309031,180.75,-1
440,VENUSREM,,,,,,0.0,0
441,GUJALKALI,-1,10,Contracting,,28.04314329738051,313.6,-1
442,INDIACEM,-1,18,Contracting,,29.687499999999986,111.4,-1
443,JKTYRE,1,51,Contracting,,45.53571428571427,64.95,-1
444,MANGCHEFER,-1,13,Contracting,,30.15873015873018,35.25,-1
445,JUBILANT,1,72,Expanding,,64.21636615811373,795.0,0
446,SANGHVIMOV,1,45,Contracting,,46.301020408163275,64.05,-1
447,SELAN,-1,5,Contracting,,37.37244897959182,102.8,-1
448,SUVEN,-1,5,Contracting,,43.103448275862064,37.9,-1
449,KOTHARIPRO,-1,23,Expanding,,41.47217235188511,59.7,-1
450,IDEA,-1,13,Contracting,,36.36363636363635,8.4,-1
451,GENUSPOWER,-1,3,Contracting,,17.02127659574468,21.9,-1
452,ORIENTBELL,-1,5,Contracting,,41.79431072210069,73.85,-1
453,NRBBEARING,-1,4,Contracting,,34.114583333333385,77.75,-1
454,BAYERCROP,,,,,,5553.3,-1
455,RELAXO,-1,33,Contracting,,13.76440460947515,595.2,-1
456,SHILPAMED,1,18,Expanding,,49.872854418308954,550.1,0
457,STERTOOLS,1,41,Contracting,,36.31178707224333,170.9,-1
458,KRBL,1,44,Expanding,,45.936639118457315,270.55,0
459,IOC,1,10,Contracting,,54.800000000000004,88.45,-1
460,BALAMINES,1,75,Contracting,,45.84553028597159,570.45,-1
461,OMMETALS,,,,,,0.0,0
462,PATELENG,-1,7,Contracting,,18.918918918918905,13.9,-1
463,ALICON,-1,4,Contracting,,23.61233480176209,248.15,-1
464,EMAMILTD,1,40,Contracting,,54.227405247813394,239.85,-1
465,NUCLEUS,1,51,Expanding,,70.12313674659757,299.15,0
466,MANAPPURAM,1,67,Contracting,,56.43300798580301,158.5,-1
467,VSTTILLERS,1,71,Contracting,,57.72755039706781,1348.65,-1
468,CONCOR,1,45,Contracting,,60.0734843845683,451.1,-1
469,PANACEABIO,1,9,Expanding,,50.46367851622874,215.4,0
470,TNPL,1,44,Contracting,,39.96023856858851,112.8,-1
471,SHAKTIPUMP,,,,,,0.0,0
472,MOHITIND,,,,,,0.0,0
473,MADHUCON,,,,,,0.0,0
474,RAJESHEXPO,-1,109,Contracting,,26.69811320754718,456.65,-1
475,EVEREADY,1,136,Expanding,,83.85245901639344,131.05,-1
476,HATSUN,1,58,Contracting,,47.25437815375483,662.1,-1
477,JINDWORLD,-1,3,Contracting,,8.658008658008697,44.5,-1
478,SOMANYCERA,1,5,Expanding,,49.86842105263158,129.05,0
479,CGCL,1,3,Expanding,,48.39400428265524,204.0,0
480,FDC,1,10,Expanding,,62.69727403156386,299.15,0
481,MARICO,1,79,Expanding,,61.9582664526485,363.45,0
482,VIDHIING,1,46,Contracting,,29.569892473118358,70.15,-1
483,PRAENG,-1,17,Expanding,,39.99999999999999,6.0,-1
484,POLYMED,1,57,Contracting,,74.60711331679073,390.2,-1
485,ATULAUTO,-1,5,Contracting,,40.69912609238453,155.8,-1
486,AMBIKCO,-1,16,Expanding,,41.01032047800103,656.55,-1
487,SWELECTES,-1,4,Contracting,,30.158730158730165,100.2,-1
488,MUKANDENGG,,,,,,0.0,0
489,HEXAWARE,1,44,Expanding,,83.02325581395351,381.55,-1
490,BANKBARODA,-1,6,Contracting,,23.843416370106738,46.8,-1
491,SKMEGGPROD,1,7,Expanding,,46.55172413793104,35.5,0
492,WELCORP,1,43,Expanding,,46.54788418708245,87.8,0
493,BANKINDIA,-1,5,Contracting,,33.80281690140848,47.05,-1
494,INDRAMEDCO,1,45,Expanding,,64.74820143884892,56.35,0
495,GAIL,-1,5,Contracting,,37.542662116040916,96.65,-1
496,VAIBHAVGBL,1,74,Contracting,,52.03646237393329,1338.4,-1
497,JKPAPER,-1,8,Contracting,,19.417475728155367,94.15,-1
498,SAREGAMA,1,59,Expanding,,60.16899766899767,481.55,0
499,MADRASFERT,-1,12,Contracting,,34.51327433628319,17.45,-1
500,CYBERTECH,1,11,Expanding,,61.8,47.75,0
501,ICICIBANK,-1,2,Contracting,,40.551667352820104,346.8,-1
502,CYIENT,1,40,Expanding,,85.089058524173,330.0,-1
503,ENGINERSIN,-1,11,Contracting,,23.863636363636374,64.25,-1
504,CORPBANK,,,,,,0.0,0
505,DHANBANK,-1,12,Contracting,,28.787878787878782,12.65,-1
506,GMDCLTD,-1,3,Contracting,,47.177419354838726,41.0,-1
507,INDUSINDBK,1,40,Contracting,,33.76585928489044,523.75,-1
508,J&KBANK,-1,8,Contracting,,20.000000000000014,15.8,-1
509,CUB,-1,14,Contracting,,33.425414364640886,121.2,-1
510,AXISBANK,1,42,Contracting,,43.762320473106186,431.65,-1
511,SOUTHBANK,-1,9,Contracting,Hammer SL:6.8,22.72727272727272,6.9,-1
512,SONATSOFTW,1,45,Expanding,,67.42983751846383,263.9,0
513,NATIONALUM,-1,2,Contracting,,30.87248322147653,32.75,-1
514,INDNIPPON,-1,8,Contracting,,26.42487046632121,267.5,-1
515,NSIL,-1,7,Contracting,,41.88783174762147,652.9,-1
516,SYNDIBANK,,,,,,0.0,0
517,HCLTECH,1,22,Expanding,,87.11837171933581,705.2,-1
518,GEOJITFSL,1,43,Contracting,,46.07594936708862,34.8,-1
519,JINDALSTEL,1,56,Contracting,,71.21338912133893,184.85,-1
520,GLENMARK,1,2,Expanding,,58.52324521422061,452.35,0
521,WOCKPHARMA,1,1,Expanding,,46.89873417721521,276.0,0
522,TATACOFFEE,1,4,Expanding,,39.05817174515234,90.55,1
523,SHREERAMA,1,7,Expanding,Bull Marubozo|SL:4.75,50.0,5.25,0
524,MAHLIFE,-1,5,Contracting,,43.65284974093267,210.6,-1
525,CADILAHC,1,11,Expanding,,51.6082916368835,388.4,0
526,AJANTPHARM,1,8,Expanding,,54.5936196595649,1629.2,0
527,COMPUSOFT,,,,,,0.0,0
528,TVSMOTOR,1,49,Contracting,,63.70320855614974,387.5,-1
529,GATI,-1,4,Contracting,,25.547445255474443,42.95,-1
530,TCI,1,10,Contracting,,47.304582210242586,173.3,-1
531,SUBEX,,,,,,0.0,0
532,AKSHOPTFBR,,,,,,0.0,0
533,TRIVENI,1,50,Contracting,,34.34343434343431,54.2,-1
534,MUKTAARTS,,,,,,0.0,0
535,PNBGILTS,1,47,Expanding,,65.73426573426569,42.9,0
536,RAMCOIND,1,42,Contracting,,53.086419753086425,170.25,-1
537,RAMCOSYS,1,9,Expanding,,72.6218097447796,140.65,0
538,STRTECH,-1,2,Contracting,,46.04221635883905,121.75,-1
539,BALAJITELE,1,75,Contracting,,50.439146800501874,87.6,-1
540,IOB,-1,5,Contracting,,38.09523809523806,10.35,-1
541,TAJGVK,-1,15,Expanding,,29.67836257309945,142.2,-1
542,AXISCADES,1,41,Contracting,,24.074074074074076,53.35,-1
543,ANDHRABANK,,,,,,0.0,0
544,SMARTLINK,-1,13,Contracting,,45.78947368421054,67.05,-1
545,GODREJCP,1,54,Contracting,,41.1798396334479,691.85,-1
546,BFUTILITIE,1,41,Contracting,,61.646398503274085,218.45,-1
547,MPSLTD,1,40,Expanding,,63.358419567262445,363.25,0
548,CERA,1,9,Contracting,,52.662406815761315,2228.85,-1
549,BHARTIARTL,-1,6,Contracting,,45.161290322580676,554.85,-1
550,PONNIERODE,1,8,Contracting,,47.83861671469741,151.9,-1
551,PNB,-1,12,Contracting,,18.46153846153844,31.95,-1
552,OFSS,1,67,Contracting,,59.45434100727941,2937.9,-1
553,APTECHT,1,19,Contracting,,46.06345475910692,109.6,-1
554,UNIONBANK,-1,8,Contracting,,24.305555555555586,29.0,-1
555,ISMTLTD,,,,,,0.0,0
556,GRANULES,1,52,Contracting,,80.54794520547946,273.3,-1
557,CANBK,-1,7,Contracting,,22.70114942528737,101.85,-1
558,DIVISLAB,1,7,Expanding,,76.23188405797102,2616.55,0
559,ALBK,,,,,,0.0,0
560,UBL,-1,12,Contracting,,22.96636085626919,951.65,-1
561,ASTRAMICRO,1,53,Contracting,,41.631355932203405,106.3,-1
562,RADICO,1,57,Contracting,,52.242152466367685,368.5,-1
563,SHRIRAMCIT,-1,4,Contracting,,35.04587155963303,656.75,-1
564,MARUTI,1,49,Expanding,,61.22204613488291,6262.75,0
565,UCOBANK,1,2,Expanding,,43.18181818181816,14.05,0
566,BAGFILMS,,,,,,0.0,0
567,SUPRAJIT,1,42,Contracting,,41.08391608391613,152.6,-1
568,IGL,-1,31,Expanding,,43.66960054163847,403.7,-1
569,TVTODAY,1,42,Contracting,,35.12880562060893,203.25,-1
570,PETRONET,-1,7,Contracting,,27.294493216280912,247.85,-1
571,BIOCON,-1,2,Contracting,,52.34449760765549,409.6,-1
572,PTC,1,38,Expanding,,60.8108108108108,51.75,0
573,MAHABANK,1,9,Expanding,,46.46464646464645,12.15,0
574,STAR,1,3,Expanding,,45.378619153674855,436.2,0
575,JPASSOCIAT,1,38,Expanding,,65.51724137931032,3.3,0
576,ULTRACEMCO,1,11,Expanding,,73.35782195332764,4117.3,0
577,MINDAIND,-1,4,Contracting,,31.85755534167464,287.35,-1
578,TCS,1,68,Expanding,,61.02923976608182,2281.4,0
579,NIITTECH,1,26,Expanding,,75.47185709470847,1926.2,0
580,DATAMATICS,1,11,Contracting,,59.35828877005347,51.9,-1
581,RKFORGE,-1,24,Contracting,,21.31661442006265,144.95,-1
582,CENTURYPLY,1,31,Contracting,,24.159999999999982,128.45,-1
583,NTPC,-1,22,Expanding,,38.16568047337271,87.0,-1
584,JBMA,-1,8,Contracting,,27.455121436113984,188.5,-1
585,DWARKESH,1,48,Contracting,,48.52941176470586,24.15,-1
586,INDOCO,1,2,Expanding,,58.357771260997076,226.55,0
587,XCHANGING,1,12,Expanding,,68.21192052980132,48.2,0
588,MORARJEE,-1,13,Contracting,,17.39130434782612,8.95,-1
589,GDL,,,,,,0.0,0
590,JPPOWER,1,44,Expanding,,58.82352941176471,2.2,0
591,GOKEX,1,44,Expanding,,52.5879917184265,43.25,0
592,ALLSEC,1,2,Contracting,,55.635319454414926,192.55,-1
593,IIFL,-1,5,Contracting,,30.06263048016703,67.35,-1
594,SHOPERSTOP,-1,24,Expanding,,41.20370370370371,158.05,-1
595,NDL,-1,7,Contracting,,39.09090909090909,19.8,-1
596,JSWHL,-1,5,Contracting,,28.76457454725876,1770.45,-1
597,JKCEMENT,1,57,Contracting,,62.488493402884345,1500.05,-1
598,YESBANK,-1,30,Contracting,,8.63095238095238,11.95,-1
599,NECLIFE,-1,11,Expanding,,32.06751054852319,20.8,-1
600,SPLIL,-1,10,Contracting,,32.36994219653178,26.5,-1
601,KTKBANK,-1,3,Contracting,,32.33830845771142,41.85,-1
602,MCLEODRUSS,,,,,,0.0,0
603,IDFC,1,4,Contracting,,33.9622641509434,19.0,-1
604,VIVIMEDLAB,,,,,,0.0,0
605,RML,-1,13,Contracting,,36.49825783972125,200.85,-1
606,HTMEDIA,-1,14,Expanding,,41.1764705882353,12.45,-1
607,SASKEN,1,44,Expanding,,56.85736677115985,542.7,0
608,SUZLON,-1,7,Contracting,,33.33333333333336,4.3,-1
609,AURIONPRO,-1,7,Contracting,,53.84615384615384,46.35,-1
610,RENUKA,-1,9,Contracting,,30.13698630136986,8.75,-1
611,KMSUGAR,-1,5,Contracting,,37.93103448275864,8.45,-1
612,BASML,-1,14,Contracting,,27.251732101616653,79.85,-1
613,AIAENG,1,16,Contracting,,53.532486930545204,1654.15,-1
614,EKC,1,41,Contracting,,51.10132158590311,21.05,-1
615,REPRO,-1,12,Contracting,,45.65769426104624,374.85,-1
616,CELEBRITY,-1,21,Contracting,,33.33333333333336,4.2,-1
617,NITINSPIN,-1,1,Contracting,,56.27906976744187,37.75,-1
618,ROHLTD,1,45,Expanding,,26.069246435845216,63.9,0
619,ENIL,-1,21,Expanding,,37.41134751773046,124.85,-1
620,GSPL,-1,16,Contracting,,36.41304347826086,204.75,-1
621,JAGRAN,-1,14,Contracting,,40.8163265306122,38.35,-1
622,SADBHAV,-1,3,Contracting,,41.379310344827594,42.75,-1
623,RCOM,,,,,,0.0,0
624,KEC,1,62,Contracting,,55.29122231337164,274.95,-1
625,SAKUMA,,,,,,0.0,0
626,GILLANDERS,,,,,,0.0,0
627,INDOTECH,-1,12,Contracting,,37.408312958435225,93.8,-1
628,BLKASHYAP,1,39,Contracting,,61.36363636363635,5.55,-1
629,M&MFIN,,,,,,0.0,0
630,NITCO,-1,7,Contracting,,39.130434782608724,16.15,-1
631,SOLARINDS,1,45,Contracting,,63.128772635814826,1016.0,-1
632,UTTAMSUGAR,-1,6,Contracting,,35.98971722365039,73.25,-1
633,SUNTV,-1,16,Expanding,,47.7824267782427,386.9,-1
634,GPIL,1,44,Contracting,,55.13307984790876,170.65,-1
635,EMKAY,-1,4,Contracting,,28.92561983471073,43.1,-1
636,LOKESHMACH,-1,3,Contracting,,34.60076045627376,22.2,-1
637,PFOCUS,1,3,Expanding,,57.60869565217389,25.45,0
638,ALLCARGO,1,44,Contracting,,48.155737704918025,93.65,-1
639,VOLTAMP,-1,11,Contracting,,24.391294979530258,1031.7,-1
640,ATLANTA,-1,2,Contracting,,39.99999999999999,9.25,-1
641,DEEPIND,-1,4,Contracting,,26.485148514851446,69.4,-1
642,HOVS,-1,13,Contracting,,28.048780487804876,34.05,-1
643,ACE,-1,4,Contracting,,27.97927461139895,56.35,-1
644,GEECEE,-1,3,Contracting,,44.48669201520914,66.35,-1
645,GAYAPROJ,,,,,,0.0,0
646,GMRINFRA,1,7,Expanding,,65.54054054054055,21.75,0
647,MAHINDCIE,-1,6,Contracting,,34.11602209944749,108.5,-1
648,TECHM,1,22,Expanding,,78.10818465024073,681.65,0
649,FIEMIND,1,44,Contracting,,31.57248157248158,413.85,-1
650,DCBBANK,-1,3,Contracting,,27.192982456140314,77.4,-1
651,SHIVAMAUTO,,,,,,0.0,0
652,NAUKRI,1,47,Contracting,,68.33621873320995,3194.45,-1
653,ZEEMEDIA,,,,,,0.0,0
654,LUMAXTECH,1,45,Contracting,,50.64194008559201,95.65,-1
655,NETWORK18,1,73,Contracting,,55.06172839506172,40.65,-1
656,HUBTOWN,-1,11,Contracting,,17.64705882352942,10.55,-1
657,TV18BRDCST,-1,1,Contracting,,49.035812672176306,33.35,-1
658,TIIL,-1,11,Contracting,,21.612149532710305,221.65,-1
659,REDINGTON,-1,2,Contracting,,41.13597246127367,90.5,-1
660,CINELINE,1,5,Expanding,,36.318407960199,23.9,1
661,FSL,1,44,Expanding,,75.08650519031141,48.85,0
662,PGIL,1,7,Expanding,,56.790123456790106,114.9,0
663,AHLUCONT,1,40,Contracting,,48.19175777964675,217.1,-1
664,PFC,-1,16,Contracting,,35.258358662613986,80.85,-1
665,INDIANB,-1,6,Contracting,,20.80536912751674,58.45,-1
666,SMSPHARMA,1,46,Contracting,,74.71451876019576,75.15,-1
667,MINDTREE,1,67,Expanding,,72.42199894235854,1083.4,0
668,IDEA,,,,,,8.4,-1
669,PAGEIND,-1,10,Expanding,,43.1231091459158,19818.25,-1
670,AMDIND,-1,18,Contracting,,28.33333333333333,13.8,-1
671,ASTRAL,1,1,Expanding,,40.54194893173525,964.5,0
672,IBREALEST,-1,5,Contracting,,25.217391304347828,50.3,-1
673,CAMLINFINE,1,45,Expanding,,65.88021778584391,74.15,0
674,ICRA,-1,1,Contracting,,53.1988873435327,2509.6,-1
675,DISHTV,-1,8,Contracting,,23.80952380952384,7.2,-1
676,SRHHYPOLTD,1,47,Contracting,,58.985429033998926,152.75,-1
677,FORTIS,1,37,Expanding,,77.20207253886015,138.0,0
678,TGBHOTELS,,,,,,0.0,0
679,DELTACORP,-1,6,Contracting,,30.13333333333337,86.0,-1
680,INSECTICID,-1,19,Contracting,,53.11837081035217,416.4,-1
681,MCDHOLDING,1,7,Contracting,,54.02298850574715,24.8,-1
682,ASAHISONG,1,46,Contracting,,70.42842215256007,209.45,-1
683,TIMETECHNO,-1,1,Contracting,,41.59292035398234,36.6,-1
684,HGS,1,45,Expanding,,56.79611650485433,809.6,0
685,NELCAST,1,43,Contracting,,54.47316103379721,48.7,-1
686,MEGH,1,47,Contracting,,41.688654353562,59.45,-1
687,DLF,-1,18,Expanding,,42.03821656050959,141.15,-1
688,TARMAT,1,42,Expanding,Hanging Man SL:34.0,65.78171091445427,33.9,0
689,SPARC,1,46,Expanding,,62.127236580516914,176.1,0
690,OMAXE,-1,24,Expanding,,38.02541544477029,83.65,-1
691,CENTRALBK,1,9,Expanding,,51.5625,17.95,0
692,KPRMILL,-1,13,Contracting,,9.201141226818805,419.3,-1
693,ASIANTILES,1,38,Contracting,,71.96202531645568,241.65,-1
694,TAKE,-1,31,Expanding,,30.120481927710813,42.45,-1
695,PURVA,-1,5,Contracting,,33.3333333333333,40.8,-1
696,MOTILALOFS,1,46,Contracting,,53.23686214775324,681.5,-1
697,POWERGRID,1,7,Expanding,,58.961681087762656,178.3,0
698,KSCL,1,71,Contracting,,48.19311123658951,604.3,-1
699,MAANALU,-1,6,Contracting,,16.753926701570634,51.1,-1
700,RELIGARE,1,9,Contracting,,41.90751445086706,37.55,-1
701,ADANIPORTS,-1,15,Expanding,,30.99460292983808,315.2,-1
702,EDELWEISS,1,30,Expanding,,74.70039946737684,76.05,0
703,KOLTEPATIL,-1,16,Contracting,,34.48844884488447,137.55,-1
704,JYOTHYLAB,1,43,Contracting,,49.90138067061144,123.2,-1
705,ECLERX,1,32,Contracting,,51.13341968911917,480.05,-1
706,TRIL,-1,1,Contracting,,38.129496402877706,10.2,-1
707,BRIGADE,1,41,Contracting,,54.733218588640284,140.45,-1
708,BGRENERGY,,,,,,0.0,0
709,MANAKSIA,-1,22,Expanding,,58.088235294117666,34.45,-1
710,PPAP,-1,24,Contracting,,33.402922755741145,159.9,-1
711,ARIES,-1,21,Expanding,,37.07865168539324,59.95,-1
712,RPOWER,-1,4,Contracting,,34.21052631578948,3.3,-1
713,JKIL,-1,10,Expanding,,38.576158940397335,95.9,-1
714,CORDSCABLE,-1,13,Contracting,,31.063829787234056,32.85,-1
715,KNRCON,-1,14,Contracting,,38.64734299516909,210.6,-1
716,ONMOBILE,1,5,Expanding,,49.60629921259842,29.25,0
717,SHRIRAMEPC,-1,18,Contracting,Bear Marubozo|SL:3.65,41.02564102564104,3.55,-1
718,IRB,,,,,,0.0,0
719,GSS,-1,15,Expanding,,21.348314606741596,23.3,-1
720,NAHARCAP,-1,12,Contracting,,17.52988047808759,61.15,-1
721,VGUARD,-1,33,Contracting,,26.356589147286797,162.85,-1
722,RECLTD,-1,5,Contracting,,29.867256637168154,100.15,-1
723,GAMMNINFRA,,,,,,0.0,0
724,TWL,1,41,Contracting,,46.85314685314683,39.05,-1
725,KIRIINDUS,1,50,Contracting,,59.14429530201344,493.15,-1
726,BAJAJFINSV,1,43,Contracting,,44.232327050818185,6205.9,-1
727,BAJAJ-AUTO,1,73,Contracting,,74.10127991096266,3004.95,-1
728,RPGLIFE,1,51,Expanding,,69.00482244629548,326.65,0
729,RBL,-1,1,Contracting,,36.89931350114414,520.7,-1
730,RANEENGINE,-1,13,Contracting,,25.062034739454134,188.3,-1
731,ARCHIDPLY,1,45,Contracting,,48.18181818181819,26.65,-1
732,LPDC,,,,,,0.0,0
733,SICAGEN,-1,16,Contracting,,34.57943925233644,12.0,-1
734,20MICRONS,-1,8,Contracting,,34.857142857142875,28.6,-1
735,WABCOINDIA,1,54,Expanding,,72.83288650580855,6959.65,0
736,ALKALI,-1,9,Contracting,,34.18181818181817,43.35,-1
737,IMFA,1,58,Contracting,,44.353182751540054,170.95,-1
738,ARROWTEX,,,,,,0.0,0
739,MHRIL,-1,13,Contracting,,20.422535211267586,157.7,-1
740,NHPC,1,3,Expanding,,53.571428571428626,20.3,0
741,GLOBUSSPR,-1,2,Contracting,,39.6516393442623,124.95,-1
742,OIL,1,6,Contracting,,40.85510688836102,96.65,-1
743,RTNPOWER,-1,3,Contracting,,38.46153846153845,2.1,-1
744,DEN,1,72,Contracting,,59.06313645621182,78.3,-1
745,ASTEC,1,64,Contracting,,59.717781942453975,939.0,-1
746,COX&KINGS,,,,,,0.0,0
747,DLINKINDIA,-1,1,Contracting,,45.977011494252906,85.6,-1
748,JSWENERGY,-1,14,Expanding,,38.07531380753138,45.9,-1
749,GODREJPROP,1,45,Contracting,,47.59302628155087,926.6,-1
750,DBCORP,-1,4,Contracting,,38.77952755905513,72.95,-1
751,JUBLFOOD,1,2,Expanding,,58.73523145458066,1720.45,0
752,VASCONEQ,-1,14,Contracting,,33.3333333333333,8.2,-1
753,THANGAMAYL,1,9,Expanding,,69.06437320823561,320.1,0
754,EMMBI,1,6,Expanding,Hanging Man SL:72.9,58.73015873015874,71.95,0
755,HATHWAY,,,,,,0.0,0
756,TEXMOPIPES,-1,11,Contracting,,21.0526315789474,12.2,-1
757,SUNDARAM,,,,,,0.0,0
758,ROSSELLIND,1,46,Contracting,,45.329670329670364,75.85,-1
759,MANINFRA,-1,18,Expanding,,33.663366336633686,17.9,-1
760,UNITEDBNK,,,,,,0.0,0
761,PERSISTENT,1,58,Expanding,,78.88124439126533,918.1,0
762,ISFT,,,,,,0.0,0
763,KCPSUGIND,-1,4,Contracting,,44.68085106382979,14.1,-1
764,KECL,-1,11,Contracting,,23.076923076923066,9.85,-1
765,TALWALKARS,,,,,,0.0,0
766,SJVN,1,32,Contracting,,44.11764705882355,22.05,-1
767,HMVL,-1,4,Contracting,,35.21126760563379,45.6,-1
768,AHLEAST,-1,3,Contracting,,46.464646464646485,140.3,-1
769,GPPL,-1,2,Contracting,,41.860465116279116,74.95,-1
770,WELINV,1,47,Contracting,,42.12055192447349,214.05,-1
771,EROSMEDIA,1,45,Contracting,,53.225806451612925,18.3,-1
772,RAMKY,1,6,Contracting,,51.66666666666666,35.55,-1
773,CAREERP,-1,29,Expanding,,41.42292490118577,138.2,-1
774,CANTABIL,1,40,Contracting,,57.15948777648425,293.35,-1
775,WABAG,1,10,Contracting,,57.068062827225134,114.45,-1
776,ASHOKA,-1,12,Contracting,,13.333333333333343,50.55,-1
777,OBEROIRLTY,-1,1,Contracting,,48.85262621111677,349.9,-1
778,PRESTIGE,-1,14,Expanding,,46.547619047619065,196.9,-1
779,COALINDIA,-1,23,Contracting,,39.36170212765955,129.25,-1
780,GRAVITA,1,43,Contracting,,62.135922330097095,45.95,-1
781,RPPINFRA,-1,13,Contracting,,11.36363636363636,51.95,-1
782,MOIL,-1,8,Contracting,,46.03174603174603,143.35,-1
783,ZEELEARN,-1,14,Contracting,,25.27472527472527,13.5,-1
784,KTIL,,,,,,0.0,0
785,A2ZINFRA,-1,13,Contracting,,29.545454545454547,4.0,-1
786,KIRLOSENG,-1,1,Contracting,,36.43410852713178,105.45,-1
787,PSB,-1,22,Expanding,,40.00000000000002,13.4,-1
788,FMNL,1,1,Expanding,,49.42528735632183,24.85,0
789,KICL,-1,2,Contracting,,49.88073151338456,1267.25,-1
790,BFINVEST,-1,1,Contracting,,52.06276891926094,297.45,-1
791,OMKARCHEM,,,,,,0.0,0
792,JUBLINDS,1,4,Expanding,,42.96296296296293,106.6,1
793,TEXRAIL,-1,5,Contracting,,37.638376383763834,26.15,-1
794,INDTERRAIN,-1,20,Contracting,,26.14379084967321,25.7,-1
795,FCL,1,78,Contracting,,43.715846994535525,30.05,-1
796,DHUNINV,1,45,Contracting,,32.718043377941854,202.5,-1
797,LOVABLE,-1,15,Contracting,,23.1818181818182,48.4,-1
798,PFS,1,44,Expanding,,64.51612903225806,17.65,0
799,MUTHOOTFIN,1,74,Contracting,,72.53489918014623,1273.8,-1
800,KARMAENG,-1,13,Contracting,,20.98765432098766,9.75,-1
801,WEIZFOREX,,,,,,0.0,0
802,RUSHIL,-1,22,Contracting,,28.707224334600753,100.9,-1
803,INVENTURE,1,39,Expanding,,83.72093023255816,17.4,-1
804,L&TFH,-1,12,Contracting,,20.754716981132077,60.0,-1
805,BROOKS,,,,,,0.0,0
806,RUPA,-1,12,Contracting,,9.550561797752763,151.45,-1
807,TDPOWERSYS,-1,9,Contracting,,31.31313131313125,99.65,-1
808,APLLTD,1,79,Contracting,,63.02044838630202,985.05,-1
809,VASWANI,,,,,,0.0,0
810,PGEL,-1,14,Expanding,,30.16949152542368,41.7,-1
811,UJAAS,-1,13,Contracting,,33.33333333333333,5.2,-1
812,ORIENTREF,1,45,Contracting,,57.20823798627,170.85,-1
813,MCX,1,68,Expanding,,82.04415234243345,1686.4,-1
814,SCHNEIDER,-1,29,Contracting,,8.550185873605898,73.65,-1
815,NBCC,-1,2,Contracting,,27.710843373493987,23.1,-1
816,MTEDUCARE,-1,12,Contracting,,23.214285714285694,12.55,-1
817,TBZ,1,44,Contracting,,62.373737373737384,33.2,-1
818,VSSL,,,,,,0.0,0
819,SPECIALITY,-1,14,Expanding,,18.095238095238074,31.75,-1
820,LYPSAGEMS,-1,18,Expanding,,42.10526315789472,3.0,-1
821,LAKSHVILAS,-1,5,Contracting,,31.446540880503136,19.8,-1
822,ZUARI,-1,14,Contracting,,12.631578947368425,84.1,-1
823,CARERATING,1,46,Contracting,,54.90716180371349,423.65,-1
824,PCJEWELLER,-1,14,Contracting,,38.461538461538446,14.85,-1
825,INFRATEL,-1,16,Contracting,,25.898752751283922,192.1,-1
826,VMART,1,42,Contracting,,41.99184624344783,1796.0,-1
827,REPCOHOME,1,33,Expanding,,65.64805057955743,146.3,0
828,JUSTDIAL,-1,18,Contracting,,38.87240356083081,366.75,-1
829,ORIENTCEM,-1,3,Contracting,,45.939675174013956,64.35,-1
830,IBULHSGFIN,-1,2,Contracting,,31.836734693877546,190.0,-1
831,FLFL,-1,18,Expanding,Bear Marubozo|SL:126.0,35.20325203252031,115.0,-1
832,JPOLYINVST,,,,,,0.0,0
833,M100,1,46,Expanding,,45.60669456066944,16.3,0
834,KOTAKNIFTY,1,47,Contracting,,66.4141414141414,115.35,-1
835,CPSEETF,-1,2,Contracting,,42.156862745097975,17.3,-1
836,WONDERLA,1,1,Contracting,,43.43434343434343,136.65,-1
837,GULFOILLUB,-1,24,Contracting,,54.77683511619326,572.35,-1
838,SNOWMAN,-1,1,Contracting,,23.17073170731709,29.55,-1
839,SHARDACROP,1,47,Contracting,,56.262135922330096,294.8,-1
840,SHEMAROO,-1,54,Contracting,,52.60545905707197,56.9,-1
841,PDSMFL,-1,5,Contracting,,29.682365826944064,262.1,-1
842,INTELLECT,1,43,Expanding,,80.77723802914642,159.85,-1
843,MONTECARLO,-1,3,Contracting,,50.41551246537398,155.5,-1
844,MINDACORP,-1,4,Contracting,,37.892376681614344,66.8,-1
845,INOXWIND,-1,7,Contracting,,28.804347826086968,34.6,-1
846,BINDALAGRO,-1,10,Contracting,,12.698412698412696,9.65,-1
847,PRICOLLTD,1,7,Expanding,,73.37461300309597,49.1,0
848,TATAMTRDVR,-1,12,Contracting,,33.48623853211011,37.5,-1
849,JISLDVREQS,,,,,,0.0,0
850,KARURVYSYA,1,2,Expanding,,46.82926829268292,34.55,0
851,TIDEWATER,1,45,Contracting,,53.32970916009797,4229.0,-1
852,AMRUTANJAN,1,15,Expanding,,76.10789980732179,430.2,0
853,XPROINDIA,,,,,,0.0,0
854,BHARATRAS,1,47,Contracting,,64.77677862617456,9370.3,-1
855,FACT,,,,,,47.1,-1
856,GINNIFILA,,,,,,0.0,0
857,SPIC,,,,,,21.0,-1
858,DENORA,1,1,Expanding,,42.10139603232916,231.5,1
859,HARITASEAT,-1,1,Contracting,,53.028169014084476,371.4,-1
860,SAKSOFT,1,48,Expanding,,64.21243210621606,240.65,0
861,ANDHRSUGAR,1,44,Expanding,,66.66666666666663,329.75,0
862,IMPAL,1,49,Contracting,,47.87123572170305,520.0,-1
863,KCP,1,41,Contracting,,59.17312661498709,57.2,-1
864,SUNDARMFIN,-1,15,Expanding,,30.584795321637387,1277.75,-1
865,SUNDRMBRAK,-1,5,Contracting,,35.02890173410407,222.0,-1
866,WHEELS,-1,23,Contracting,,26.376614547926607,410.8,-1
867,MAITHANALL,-1,5,Contracting,,23.504273504273527,426.5,-1
868,ORISSAMINE,1,57,Expanding,,68.14000716760242,1754.75,0
869,NIFTYBEES,1,47,Contracting,,66.28762541806017,118.02,-1
870,JUNIORBEES,1,51,Contracting,,55.26524148851946,279.66,-1
871,BANKBEES,1,44,Contracting,,40.647100424328144,217.89,-1
872,KOTAKPSUBK,-1,5,Contracting,,30.55123014637188,138.95,-1
873,PSUBNKBEES,-1,5,Contracting,,26.702997275204382,15.49,-1
874,M50,1,46,Contracting,,60.72255673923115,108.5,-1
875,MADRASFERT,,,,,,17.45,-1
